﻿<?xml version="1.0" encoding="utf-8" ?>
<excel_map>
  <expense_map>
    <sheet>Expenses</sheet>
    <header_row>1</header_row>
    <date_column>A</date_column>
    <payee_column>B</payee_column>
    <amount_column>C</amount_column>
    <category_column>D</category_column>
    <memo_column>E</memo_column>
  </expense_map>
  <revenue_map>
    <sheet>Revenues</sheet>
    <shift_name_column>B</shift_name_column>
    <date_column>C</date_column>
    <category_columns start="D" end="N" />
    <category_row>3</category_row>
    <shift_rows start="4" end="13" />
  </revenue_map>
</excel_map>
